time,DNI,hour,date
2023-07-01 00:09:00,0.0,0,2023-07-01
2023-07-01 01:09:00,0.0,1,2023-07-01
2023-07-01 02:09:00,0.0,2,2023-07-01
2023-07-01 03:09:00,0.0,3,2023-07-01
2023-07-01 04:09:00,0.0,4,2023-07-01
2023-07-01 05:09:00,0.0,5,2023-07-01
2023-07-01 06:09:00,378.7099327713487,6,2023-07-01
2023-07-01 07:09:00,549.9516125868157,7,2023-07-01
2023-07-01 08:09:00,708.2519869080319,8,2023-07-01
2023-07-01 09:09:00,787.3359994863065,9,2023-07-01
2023-07-01 10:09:00,842.4167047433488,10,2023-07-01
2023-07-01 11:09:00,851.6130349112073,11,2023-07-01
2023-07-01 12:09:00,827.4968895275579,12,2023-07-01
2023-07-01 13:09:00,854.4477215776478,13,2023-07-01
2023-07-01 14:09:00,848.2440443400819,14,2023-07-01
2023-07-01 15:09:00,796.5809251478775,15,2023-07-01
2023-07-01 16:09:00,417.79854606133534,16,2023-07-01
2023-07-01 17:09:00,581.4780180355631,17,2023-07-01
2023-07-01 18:09:00,436.1448016584082,18,2023-07-01
2023-07-01 19:09:00,0.0,19,2023-07-01
2023-07-01 20:09:00,0.0,20,2023-07-01
2023-07-01 21:09:00,0.0,21,2023-07-01
2023-07-01 22:09:00,0.0,22,2023-07-01
2023-07-01 23:09:00,0.0,23,2023-07-01
2023-07-02 00:09:00,0.0,0,2023-07-02
2023-07-02 01:09:00,0.0,1,2023-07-02
2023-07-02 02:09:00,0.0,2,2023-07-02
2023-07-02 03:09:00,0.0,3,2023-07-02
2023-07-02 04:09:00,0.0,4,2023-07-02
2023-07-02 05:09:00,0.0,5,2023-07-02
2023-07-02 06:09:00,339.4917309688108,6,2023-07-02
2023-07-02 07:09:00,541.8626329179053,7,2023-07-02
2023-07-02 08:09:00,687.4423587307876,8,2023-07-02
2023-07-02 09:09:00,767.9622637996345,9,2023-07-02
2023-07-02 10:09:00,834.8952089607282,10,2023-07-02
2023-07-02 11:09:00,817.9661287816672,11,2023-07-02
2023-07-02 12:09:00,153.78481931527685,12,2023-07-02
2023-07-02 13:09:00,343.52451272726813,13,2023-07-02
2023-07-02 14:09:00,23.848457793153397,14,2023-07-02
2023-07-02 15:09:00,776.9439151267726,15,2023-07-02
2023-07-02 16:09:00,467.80532184473844,16,2023-07-02
2023-07-02 17:09:00,321.04770879955794,17,2023-07-02
2023-07-02 18:09:00,0.0,18,2023-07-02
2023-07-02 19:09:00,0.0,19,2023-07-02
2023-07-02 20:09:00,0.0,20,2023-07-02
2023-07-02 21:09:00,0.0,21,2023-07-02
2023-07-02 22:09:00,0.0,22,2023-07-02
2023-07-02 23:09:00,0.0,23,2023-07-02
2023-07-03 00:09:00,0.0,0,2023-07-03
2023-07-03 01:09:00,0.0,1,2023-07-03
2023-07-03 02:09:00,0.0,2,2023-07-03
2023-07-03 03:09:00,0.0,3,2023-07-03
2023-07-03 04:09:00,0.0,4,2023-07-03
2023-07-03 05:09:00,0.0,5,2023-07-03
2023-07-03 06:09:00,406.26008671912933,6,2023-07-03
2023-07-03 07:09:00,604.8139605512625,7,2023-07-03
2023-07-03 08:09:00,709.1098785336993,8,2023-07-03
2023-07-03 09:09:00,789.2069121064475,9,2023-07-03
2023-07-03 10:09:00,832.0981870393307,10,2023-07-03
2023-07-03 11:09:00,841.8832134921375,11,2023-07-03
2023-07-03 12:09:00,658.7236150086247,12,2023-07-03
2023-07-03 13:09:00,254.01422271929812,13,2023-07-03
2023-07-03 14:09:00,312.3305771624692,14,2023-07-03
2023-07-03 15:09:00,171.81157209071867,15,2023-07-03
2023-07-03 16:09:00,193.57461593575383,16,2023-07-03
2023-07-03 17:09:00,518.615529599286,17,2023-07-03
2023-07-03 18:09:00,440.3281948268317,18,2023-07-03
2023-07-03 19:09:00,0.0,19,2023-07-03
2023-07-03 20:09:00,0.0,20,2023-07-03
2023-07-03 21:09:00,0.0,21,2023-07-03
2023-07-03 22:09:00,0.0,22,2023-07-03
2023-07-03 23:09:00,0.0,23,2023-07-03
2023-07-04 00:09:00,0.0,0,2023-07-04
2023-07-04 01:09:00,0.0,1,2023-07-04
2023-07-04 02:09:00,0.0,2,2023-07-04
2023-07-04 03:09:00,0.0,3,2023-07-04
2023-07-04 04:09:00,0.0,4,2023-07-04
2023-07-04 05:09:00,0.0,5,2023-07-04
2023-07-04 06:09:00,441.70384100797224,6,2023-07-04
2023-07-04 07:09:00,633.8468856513342,7,2023-07-04
2023-07-04 08:09:00,719.045095345071,8,2023-07-04
2023-07-04 09:09:00,784.7981893091144,9,2023-07-04
2023-07-04 10:09:00,810.6883836757087,10,2023-07-04
2023-07-04 11:09:00,834.9075653801552,11,2023-07-04
2023-07-04 12:09:00,842.8466547533113,12,2023-07-04
2023-07-04 13:09:00,852.8852582767894,13,2023-07-04
2023-07-04 14:09:00,832.6595078231327,14,2023-07-04
2023-07-04 15:09:00,808.41291847828,15,2023-07-04
2023-07-04 16:09:00,427.57174154867556,16,2023-07-04
2023-07-04 17:09:00,581.6820956596453,17,2023-07-04
2023-07-04 18:09:00,460.11419615141904,18,2023-07-04
2023-07-04 19:09:00,0.0,19,2023-07-04
2023-07-04 20:09:00,0.0,20,2023-07-04
2023-07-04 21:09:00,0.0,21,2023-07-04
2023-07-04 22:09:00,0.0,22,2023-07-04
2023-07-04 23:09:00,0.0,23,2023-07-04
2023-07-05 00:09:00,0.0,0,2023-07-05
2023-07-05 01:09:00,0.0,1,2023-07-05
2023-07-05 02:09:00,0.0,2,2023-07-05
2023-07-05 03:09:00,0.0,3,2023-07-05
2023-07-05 04:09:00,0.0,4,2023-07-05
2023-07-05 05:09:00,0.0,5,2023-07-05
2023-07-05 06:09:00,458.56010832081574,6,2023-07-05
2023-07-05 07:09:00,0.0,7,2023-07-05
2023-07-05 08:09:00,360.221817631961,8,2023-07-05
2023-07-05 09:09:00,569.0269097349106,9,2023-07-05
2023-07-05 10:09:00,807.9539015498647,10,2023-07-05
2023-07-05 11:09:00,815.1228857114505,11,2023-07-05
2023-07-05 12:09:00,840.0902646279868,12,2023-07-05
2023-07-05 13:09:00,864.7342044702427,13,2023-07-05
2023-07-05 14:09:00,830.5438696005506,14,2023-07-05
2023-07-05 15:09:00,762.961190873866,15,2023-07-05
2023-07-05 16:09:00,263.05509640636086,16,2023-07-05
2023-07-05 17:09:00,435.85308438900296,17,2023-07-05
2023-07-05 18:09:00,550.5217613805966,18,2023-07-05
2023-07-05 19:09:00,0.0,19,2023-07-05
2023-07-05 20:09:00,0.0,20,2023-07-05
2023-07-05 21:09:00,0.0,21,2023-07-05
2023-07-05 22:09:00,0.0,22,2023-07-05
2023-07-05 23:09:00,0.0,23,2023-07-05
2023-07-06 00:09:00,0.0,0,2023-07-06
2023-07-06 01:09:00,0.0,1,2023-07-06
2023-07-06 02:09:00,0.0,2,2023-07-06
2023-07-06 03:09:00,0.0,3,2023-07-06
2023-07-06 04:09:00,0.0,4,2023-07-06
2023-07-06 05:09:00,0.0,5,2023-07-06
2023-07-06 06:09:00,405.32068773282185,6,2023-07-06
2023-07-06 07:09:00,573.5615110356906,7,2023-07-06
2023-07-06 08:09:00,689.1939606748758,8,2023-07-06
2023-07-06 09:09:00,754.2466260496922,9,2023-07-06
2023-07-06 10:09:00,681.6954110877741,10,2023-07-06
2023-07-06 11:09:00,803.9098508990862,11,2023-07-06
2023-07-06 12:09:00,828.0678597080774,12,2023-07-06
2023-07-06 13:09:00,853.4337852760633,13,2023-07-06
2023-07-06 14:09:00,673.9421440919825,14,2023-07-06
2023-07-06 15:09:00,630.3425638543587,15,2023-07-06
2023-07-06 16:09:00,400.31957420539163,16,2023-07-06
2023-07-06 17:09:00,600.2812505086634,17,2023-07-06
2023-07-06 18:09:00,441.7803354465636,18,2023-07-06
2023-07-06 19:09:00,0.0,19,2023-07-06
2023-07-06 20:09:00,0.0,20,2023-07-06
2023-07-06 21:09:00,0.0,21,2023-07-06
2023-07-06 22:09:00,0.0,22,2023-07-06
2023-07-06 23:09:00,0.0,23,2023-07-06
2023-07-07 00:09:00,0.0,0,2023-07-07
2023-07-07 01:09:00,0.0,1,2023-07-07
2023-07-07 02:09:00,0.0,2,2023-07-07
2023-07-07 03:09:00,0.0,3,2023-07-07
2023-07-07 04:09:00,0.0,4,2023-07-07
2023-07-07 05:09:00,0.0,5,2023-07-07
2023-07-07 06:09:00,189.89530977383632,6,2023-07-07
2023-07-07 07:09:00,548.2067804372638,7,2023-07-07
2023-07-07 08:09:00,711.3810638256039,8,2023-07-07
2023-07-07 09:09:00,751.259595610991,9,2023-07-07
2023-07-07 10:09:00,809.4738480043416,10,2023-07-07
2023-07-07 11:09:00,847.1683367596542,11,2023-07-07
2023-07-07 12:09:00,841.9324662542049,12,2023-07-07
2023-07-07 13:09:00,850.5687176970679,13,2023-07-07
2023-07-07 14:09:00,685.5010268872846,14,2023-07-07
2023-07-07 15:09:00,749.0755939997337,15,2023-07-07
2023-07-07 16:09:00,418.2607112999161,16,2023-07-07
2023-07-07 17:09:00,564.7062958297867,17,2023-07-07
2023-07-07 18:09:00,423.06982266805994,18,2023-07-07
2023-07-07 19:09:00,0.0,19,2023-07-07
2023-07-07 20:09:00,0.0,20,2023-07-07
2023-07-07 21:09:00,0.0,21,2023-07-07
2023-07-07 22:09:00,0.0,22,2023-07-07
2023-07-07 23:09:00,0.0,23,2023-07-07
2023-07-08 00:09:00,0.0,0,2023-07-08
2023-07-08 01:09:00,0.0,1,2023-07-08
2023-07-08 02:09:00,0.0,2,2023-07-08
2023-07-08 03:09:00,0.0,3,2023-07-08
2023-07-08 04:09:00,0.0,4,2023-07-08
2023-07-08 05:09:00,0.0,5,2023-07-08
2023-07-08 06:09:00,387.3622944549092,6,2023-07-08
2023-07-08 07:09:00,552.6807662700621,7,2023-07-08
2023-07-08 08:09:00,690.5109627201495,8,2023-07-08
2023-07-08 09:09:00,756.428679382361,9,2023-07-08
2023-07-08 10:09:00,798.5640572012624,10,2023-07-08
2023-07-08 11:09:00,838.1599483256903,11,2023-07-08
2023-07-08 12:09:00,830.9780448441568,12,2023-07-08
2023-07-08 13:09:00,841.4182349209011,13,2023-07-08
2023-07-08 14:09:00,834.7394350514609,14,2023-07-08
2023-07-08 15:09:00,796.2063431498168,15,2023-07-08
2023-07-08 16:09:00,410.4587578712966,16,2023-07-08
2023-07-08 17:09:00,558.5462980820816,17,2023-07-08
2023-07-08 18:09:00,427.8356538319885,18,2023-07-08
2023-07-08 19:09:00,0.0,19,2023-07-08
2023-07-08 20:09:00,0.0,20,2023-07-08
2023-07-08 21:09:00,0.0,21,2023-07-08
2023-07-08 22:09:00,0.0,22,2023-07-08
2023-07-08 23:09:00,0.0,23,2023-07-08
2023-07-09 00:09:00,0.0,0,2023-07-09
2023-07-09 01:09:00,0.0,1,2023-07-09
2023-07-09 02:09:00,0.0,2,2023-07-09
2023-07-09 03:09:00,0.0,3,2023-07-09
2023-07-09 04:09:00,0.0,4,2023-07-09
2023-07-09 05:09:00,0.0,5,2023-07-09
2023-07-09 06:09:00,245.90222569779,6,2023-07-09
2023-07-09 07:09:00,532.0898757250773,7,2023-07-09
2023-07-09 08:09:00,666.0898980255014,8,2023-07-09
2023-07-09 09:09:00,840.6372613235256,9,2023-07-09
2023-07-09 10:09:00,800.5746548672811,10,2023-07-09
2023-07-09 11:09:00,839.840165540968,11,2023-07-09
2023-07-09 12:09:00,832.4789581826706,12,2023-07-09
2023-07-09 13:09:00,842.8731376957807,13,2023-07-09
2023-07-09 14:09:00,807.7511169673897,14,2023-07-09
2023-07-09 15:09:00,770.4811227535008,15,2023-07-09
2023-07-09 16:09:00,392.8570861432542,16,2023-07-09
2023-07-09 17:09:00,486.99044562634367,17,2023-07-09
2023-07-09 18:09:00,495.8764151910839,18,2023-07-09
2023-07-09 19:09:00,0.0,19,2023-07-09
2023-07-09 20:09:00,0.0,20,2023-07-09
2023-07-09 21:09:00,0.0,21,2023-07-09
2023-07-09 22:09:00,0.0,22,2023-07-09
2023-07-09 23:09:00,0.0,23,2023-07-09
2023-07-10 00:09:00,0.0,0,2023-07-10
2023-07-10 01:09:00,0.0,1,2023-07-10
2023-07-10 02:09:00,0.0,2,2023-07-10
2023-07-10 03:09:00,0.0,3,2023-07-10
2023-07-10 04:09:00,0.0,4,2023-07-10
2023-07-10 05:09:00,0.0,5,2023-07-10
2023-07-10 06:09:00,316.00674654465456,6,2023-07-10
2023-07-10 07:09:00,506.31290810097045,7,2023-07-10
2023-07-10 08:09:00,645.0298250280271,8,2023-07-10
2023-07-10 09:09:00,762.7242361307365,9,2023-07-10
2023-07-10 10:09:00,717.1849292948858,10,2023-07-10
2023-07-10 11:09:00,738.7441419911639,11,2023-07-10
2023-07-10 12:09:00,821.5531365954718,12,2023-07-10
2023-07-10 13:09:00,832.7069843911235,13,2023-07-10
2023-07-10 14:09:00,796.7518453614939,14,2023-07-10
2023-07-10 15:09:00,760.4958642788304,15,2023-07-10
2023-07-10 16:09:00,386.733370997786,16,2023-07-10
2023-07-10 17:09:00,480.90522057359925,17,2023-07-10
2023-07-10 18:09:00,343.3032151700978,18,2023-07-10
2023-07-10 19:09:00,0.0,19,2023-07-10
2023-07-10 20:09:00,0.0,20,2023-07-10
2023-07-10 21:09:00,0.0,21,2023-07-10
2023-07-10 22:09:00,0.0,22,2023-07-10
2023-07-10 23:09:00,0.0,23,2023-07-10
2023-07-11 00:09:00,0.0,0,2023-07-11
2023-07-11 01:09:00,0.0,1,2023-07-11
2023-07-11 02:09:00,0.0,2,2023-07-11
2023-07-11 03:09:00,0.0,3,2023-07-11
2023-07-11 04:09:00,0.0,4,2023-07-11
2023-07-11 05:09:00,0.0,5,2023-07-11
2023-07-11 06:09:00,274.5320220846192,6,2023-07-11
2023-07-11 07:09:00,498.2482937970484,7,2023-07-11
2023-07-11 08:09:00,622.1395965606663,8,2023-07-11
2023-07-11 09:09:00,542.4759724741554,9,2023-07-11
2023-07-11 10:09:00,404.06478385065316,10,2023-07-11
2023-07-11 11:09:00,238.94546759800087,11,2023-07-11
2023-07-11 12:09:00,0.0,12,2023-07-11
2023-07-11 13:09:00,0.0,13,2023-07-11
2023-07-11 14:09:00,0.0,14,2023-07-11
2023-07-11 15:09:00,0.0,15,2023-07-11
2023-07-11 16:09:00,0.0,16,2023-07-11
2023-07-11 17:09:00,388.88627225542075,17,2023-07-11
2023-07-11 18:09:00,213.7970226477046,18,2023-07-11
2023-07-11 19:09:00,0.0,19,2023-07-11
2023-07-11 20:09:00,0.0,20,2023-07-11
2023-07-11 21:09:00,0.0,21,2023-07-11
2023-07-11 22:09:00,0.0,22,2023-07-11
2023-07-11 23:09:00,0.0,23,2023-07-11
2023-07-12 00:09:00,0.0,0,2023-07-12
2023-07-12 01:09:00,0.0,1,2023-07-12
2023-07-12 02:09:00,0.0,2,2023-07-12
2023-07-12 03:09:00,0.0,3,2023-07-12
2023-07-12 04:09:00,0.0,4,2023-07-12
2023-07-12 05:09:00,0.0,5,2023-07-12
2023-07-12 06:09:00,276.85144093451714,6,2023-07-12
2023-07-12 07:09:00,485.04058128096005,7,2023-07-12
2023-07-12 08:09:00,665.4991225388258,8,2023-07-12
2023-07-12 09:09:00,741.8162945517508,9,2023-07-12
2023-07-12 10:09:00,813.6814537507713,10,2023-07-12
2023-07-12 11:09:00,853.6650985794076,11,2023-07-12
2023-07-12 12:09:00,846.4707030706272,12,2023-07-12
2023-07-12 13:09:00,883.3258232157947,13,2023-07-12
2023-07-12 14:09:00,648.3232793335268,14,2023-07-12
2023-07-12 15:09:00,769.3357593295488,15,2023-07-12
2023-07-12 16:09:00,609.5005710174804,16,2023-07-12
2023-07-12 17:09:00,541.1372452383976,17,2023-07-12
2023-07-12 18:09:00,421.0834937482962,18,2023-07-12
2023-07-12 19:09:00,0.0,19,2023-07-12
2023-07-12 20:09:00,0.0,20,2023-07-12
2023-07-12 21:09:00,0.0,21,2023-07-12
2023-07-12 22:09:00,0.0,22,2023-07-12
2023-07-12 23:09:00,0.0,23,2023-07-12
2023-07-13 00:09:00,0.0,0,2023-07-13
2023-07-13 01:09:00,0.0,1,2023-07-13
2023-07-13 02:09:00,0.0,2,2023-07-13
2023-07-13 03:09:00,0.0,3,2023-07-13
2023-07-13 04:09:00,0.0,4,2023-07-13
2023-07-13 05:09:00,0.0,5,2023-07-13
2023-07-13 06:09:00,454.10541309685675,6,2023-07-13
2023-07-13 07:09:00,632.3682188775599,7,2023-07-13
2023-07-13 08:09:00,736.8369303186614,8,2023-07-13
2023-07-13 09:09:00,773.1891414399257,9,2023-07-13
2023-07-13 10:09:00,813.4664138102388,10,2023-07-13
2023-07-13 11:09:00,821.0874776426473,11,2023-07-13
2023-07-13 12:09:00,813.8662538981545,12,2023-07-13
2023-07-13 13:09:00,824.5827351121587,13,2023-07-13
2023-07-13 14:09:00,822.0624359163269,14,2023-07-13
2023-07-13 15:09:00,801.2717764211633,15,2023-07-13
2023-07-13 16:09:00,662.1103730289714,16,2023-07-13
2023-07-13 17:09:00,603.3396791837376,17,2023-07-13
2023-07-13 18:09:00,502.5567854201509,18,2023-07-13
2023-07-13 19:09:00,0.0,19,2023-07-13
2023-07-13 20:09:00,0.0,20,2023-07-13
2023-07-13 21:09:00,0.0,21,2023-07-13
2023-07-13 22:09:00,0.0,22,2023-07-13
2023-07-13 23:09:00,0.0,23,2023-07-13
2023-07-14 00:09:00,0.0,0,2023-07-14
2023-07-14 01:09:00,0.0,1,2023-07-14
2023-07-14 02:09:00,0.0,2,2023-07-14
2023-07-14 03:09:00,0.0,3,2023-07-14
2023-07-14 04:09:00,0.0,4,2023-07-14
2023-07-14 05:09:00,0.0,5,2023-07-14
2023-07-14 06:09:00,418.1092422316148,6,2023-07-14
2023-07-14 07:09:00,617.0461469334363,7,2023-07-14
2023-07-14 08:09:00,724.6799213628314,8,2023-07-14
2023-07-14 09:09:00,762.0994913198522,9,2023-07-14
2023-07-14 10:09:00,787.3989758318962,10,2023-07-14
2023-07-14 11:09:00,811.0738857192936,11,2023-07-14
2023-07-14 12:09:00,819.6172080952972,12,2023-07-14
2023-07-14 13:09:00,846.3184961811965,13,2023-07-14
2023-07-14 14:09:00,827.1772422135622,14,2023-07-14
2023-07-14 15:09:00,805.7854016529478,15,2023-07-14
2023-07-14 16:09:00,718.0874323965841,16,2023-07-14
2023-07-14 17:09:00,613.7212107947286,17,2023-07-14
2023-07-14 18:09:00,460.5451961029389,18,2023-07-14
2023-07-14 19:09:00,0.0,19,2023-07-14
2023-07-14 20:09:00,0.0,20,2023-07-14
2023-07-14 21:09:00,0.0,21,2023-07-14
2023-07-14 22:09:00,0.0,22,2023-07-14
2023-07-14 23:09:00,0.0,23,2023-07-14
2023-07-15 00:09:00,0.0,0,2023-07-15
2023-07-15 01:09:00,0.0,1,2023-07-15
2023-07-15 02:09:00,0.0,2,2023-07-15
2023-07-15 03:09:00,0.0,3,2023-07-15
2023-07-15 04:09:00,0.0,4,2023-07-15
2023-07-15 05:09:00,0.0,5,2023-07-15
2023-07-15 06:09:00,432.2824580681422,6,2023-07-15
2023-07-15 07:09:00,606.7412547093109,7,2023-07-15
2023-07-15 08:09:00,726.6856099939613,8,2023-07-15
2023-07-15 09:09:00,753.7265055678107,9,2023-07-15
2023-07-15 10:09:00,810.6905797466943,10,2023-07-15
2023-07-15 11:09:00,819.3820562972305,11,2023-07-15
2023-07-15 12:09:00,796.3533069821398,12,2023-07-15
2023-07-15 13:09:00,823.6198067169473,13,2023-07-15
2023-07-15 14:09:00,803.8349243491273,14,2023-07-15
2023-07-15 15:09:00,797.4509190585762,15,2023-07-15
2023-07-15 16:09:00,709.2910695489193,16,2023-07-15
2023-07-15 17:09:00,605.9245988005247,17,2023-07-15
2023-07-15 18:09:00,426.2336567378525,18,2023-07-15
2023-07-15 19:09:00,0.0,19,2023-07-15
2023-07-15 20:09:00,0.0,20,2023-07-15
2023-07-15 21:09:00,0.0,21,2023-07-15
2023-07-15 22:09:00,0.0,22,2023-07-15
2023-07-15 23:09:00,0.0,23,2023-07-15
2023-07-16 00:09:00,0.0,0,2023-07-16
2023-07-16 01:09:00,0.0,1,2023-07-16
2023-07-16 02:09:00,0.0,2,2023-07-16
2023-07-16 03:09:00,0.0,3,2023-07-16
2023-07-16 04:09:00,0.0,4,2023-07-16
2023-07-16 05:09:00,0.0,5,2023-07-16
2023-07-16 06:09:00,25.67421100842054,6,2023-07-16
2023-07-16 07:09:00,335.7492021641742,7,2023-07-16
2023-07-16 08:09:00,114.38130983258651,8,2023-07-16
2023-07-16 09:09:00,370.6588682191249,9,2023-07-16
2023-07-16 10:09:00,814.102780331128,10,2023-07-16
2023-07-16 11:09:00,572.6168440074237,11,2023-07-16
2023-07-16 12:09:00,155.02791301165072,12,2023-07-16
2023-07-16 13:09:00,45.61367560770436,13,2023-07-16
2023-07-16 14:09:00,28.5672848808848,14,2023-07-16
2023-07-16 15:09:00,183.48458320973174,15,2023-07-16
2023-07-16 16:09:00,224.80258211622612,16,2023-07-16
2023-07-16 17:09:00,515.9141459539971,17,2023-07-16
2023-07-16 18:09:00,388.13401858645847,18,2023-07-16
2023-07-16 19:09:00,0.0,19,2023-07-16
2023-07-16 20:09:00,0.0,20,2023-07-16
2023-07-16 21:09:00,0.0,21,2023-07-16
2023-07-16 22:09:00,0.0,22,2023-07-16
2023-07-16 23:09:00,0.0,23,2023-07-16
2023-07-17 00:09:00,0.0,0,2023-07-17
2023-07-17 01:09:00,0.0,1,2023-07-17
2023-07-17 02:09:00,0.0,2,2023-07-17
2023-07-17 03:09:00,0.0,3,2023-07-17
2023-07-17 04:09:00,0.0,4,2023-07-17
2023-07-17 05:09:00,0.0,5,2023-07-17
2023-07-17 06:09:00,368.13412255532216,6,2023-07-17
2023-07-17 07:09:00,568.2069534480258,7,2023-07-17
2023-07-17 08:09:00,680.9709727039751,8,2023-07-17
2023-07-17 09:09:00,760.6163195919816,9,2023-07-17
2023-07-17 10:09:00,786.8554454542884,10,2023-07-17
2023-07-17 11:09:00,810.2039203711151,11,2023-07-17
2023-07-17 12:09:00,803.9207291629658,12,2023-07-17
2023-07-17 13:09:00,798.3520817976845,13,2023-07-17
2023-07-17 14:09:00,796.0055694508001,14,2023-07-17
2023-07-17 15:09:00,789.8017446135718,15,2023-07-17
2023-07-17 16:09:00,717.89025330605,16,2023-07-17
2023-07-17 17:09:00,601.8874308770987,17,2023-07-17
2023-07-17 18:09:00,459.06353154775934,18,2023-07-17
2023-07-17 19:09:00,0.0,19,2023-07-17
2023-07-17 20:09:00,0.0,20,2023-07-17
2023-07-17 21:09:00,0.0,21,2023-07-17
2023-07-17 22:09:00,0.0,22,2023-07-17
2023-07-17 23:09:00,0.0,23,2023-07-17
2023-07-18 00:09:00,0.0,0,2023-07-18
2023-07-18 01:09:00,0.0,1,2023-07-18
2023-07-18 02:09:00,0.0,2,2023-07-18
2023-07-18 03:09:00,0.0,3,2023-07-18
2023-07-18 04:09:00,0.0,4,2023-07-18
2023-07-18 05:09:00,0.0,5,2023-07-18
2023-07-18 06:09:00,393.06322981258865,6,2023-07-18
2023-07-18 07:09:00,609.9298030407685,7,2023-07-18
2023-07-18 08:09:00,720.0290288108306,8,2023-07-18
2023-07-18 09:09:00,759.1174303858631,9,2023-07-18
2023-07-18 10:09:00,785.5274166926815,10,2023-07-18
2023-07-18 11:09:00,825.0790781483513,11,2023-07-18
2023-07-18 12:09:00,817.1248722700253,12,2023-07-18
2023-07-18 13:09:00,828.7504009412445,13,2023-07-18
2023-07-18 14:09:00,456.72951095951663,14,2023-07-18
2023-07-18 15:09:00,52.540875102945,15,2023-07-18
2023-07-18 16:09:00,529.462600025158,16,2023-07-18
2023-07-18 17:09:00,440.66771252835696,17,2023-07-18
2023-07-18 18:09:00,167.48382988763828,18,2023-07-18
2023-07-18 19:09:00,0.0,19,2023-07-18
2023-07-18 20:09:00,0.0,20,2023-07-18
2023-07-18 21:09:00,0.0,21,2023-07-18
2023-07-18 22:09:00,0.0,22,2023-07-18
2023-07-18 23:09:00,0.0,23,2023-07-18
2023-07-19 00:09:00,0.0,0,2023-07-19
2023-07-19 01:09:00,0.0,1,2023-07-19
2023-07-19 02:09:00,0.0,2,2023-07-19
2023-07-19 03:09:00,0.0,3,2023-07-19
2023-07-19 04:09:00,0.0,4,2023-07-19
2023-07-19 05:09:00,0.0,5,2023-07-19
2023-07-19 06:09:00,238.40723214983717,6,2023-07-19
2023-07-19 07:09:00,439.9321721561619,7,2023-07-19
2023-07-19 08:09:00,413.3622657853614,8,2023-07-19
2023-07-19 09:09:00,692.7508340510271,9,2023-07-19
2023-07-19 10:09:00,551.186863536846,10,2023-07-19
2023-07-19 11:09:00,699.632938487711,11,2023-07-19
2023-07-19 12:09:00,794.9328603747799,12,2023-07-19
2023-07-19 13:09:00,790.1334178022039,13,2023-07-19
2023-07-19 14:09:00,741.3333924667106,14,2023-07-19
2023-07-19 15:09:00,681.2150659434266,15,2023-07-19
2023-07-19 16:09:00,26.19359571925118,16,2023-07-19
2023-07-19 17:09:00,0.0,17,2023-07-19
2023-07-19 18:09:00,345.28619920452445,18,2023-07-19
2023-07-19 19:09:00,0.0,19,2023-07-19
2023-07-19 20:09:00,0.0,20,2023-07-19
2023-07-19 21:09:00,0.0,21,2023-07-19
2023-07-19 22:09:00,0.0,22,2023-07-19
2023-07-19 23:09:00,0.0,23,2023-07-19
2023-07-20 00:09:00,0.0,0,2023-07-20
2023-07-20 01:09:00,0.0,1,2023-07-20
2023-07-20 02:09:00,0.0,2,2023-07-20
2023-07-20 03:09:00,0.0,3,2023-07-20
2023-07-20 04:09:00,0.0,4,2023-07-20
2023-07-20 05:09:00,0.0,5,2023-07-20
2023-07-20 06:09:00,0.0,6,2023-07-20
2023-07-20 07:09:00,505.12759063580773,7,2023-07-20
2023-07-20 08:09:00,327.3535693282956,8,2023-07-20
2023-07-20 09:09:00,262.3432938765526,9,2023-07-20
2023-07-20 10:09:00,9.474991597895345,10,2023-07-20
2023-07-20 11:09:00,650.6632907513253,11,2023-07-20
2023-07-20 12:09:00,281.93371806477717,12,2023-07-20
2023-07-20 13:09:00,564.1577088815899,13,2023-07-20
2023-07-20 14:09:00,537.9594556208805,14,2023-07-20
2023-07-20 15:09:00,632.0905437412484,15,2023-07-20
2023-07-20 16:09:00,639.6271259666843,16,2023-07-20
2023-07-20 17:09:00,480.16190061404853,17,2023-07-20
2023-07-20 18:09:00,12.409383406062611,18,2023-07-20
2023-07-20 19:09:00,0.0,19,2023-07-20
2023-07-20 20:09:00,0.0,20,2023-07-20
2023-07-20 21:09:00,0.0,21,2023-07-20
2023-07-20 22:09:00,0.0,22,2023-07-20
2023-07-20 23:09:00,0.0,23,2023-07-20
2023-07-21 00:09:00,0.0,0,2023-07-21
2023-07-21 01:09:00,0.0,1,2023-07-21
2023-07-21 02:09:00,0.0,2,2023-07-21
2023-07-21 03:09:00,0.0,3,2023-07-21
2023-07-21 04:09:00,0.0,4,2023-07-21
2023-07-21 05:09:00,0.0,5,2023-07-21
2023-07-21 06:09:00,406.2012875408822,6,2023-07-21
2023-07-21 07:09:00,597.6243844797949,7,2023-07-21
2023-07-21 08:09:00,695.81418957573,8,2023-07-21
2023-07-21 09:09:00,749.5508865569693,9,2023-07-21
2023-07-21 10:09:00,792.304680726618,10,2023-07-21
2023-07-21 11:09:00,684.9563570424848,11,2023-07-21
2023-07-21 12:09:00,764.0752500284033,12,2023-07-21
2023-07-21 13:09:00,0.0,13,2023-07-21
2023-07-21 14:09:00,0.0,14,2023-07-21
2023-07-21 15:09:00,1.3188294844632713,15,2023-07-21
2023-07-21 16:09:00,0.0,16,2023-07-21
2023-07-21 17:09:00,25.47647236096569,17,2023-07-21
2023-07-21 18:09:00,62.484738927270676,18,2023-07-21
2023-07-21 19:09:00,0.0,19,2023-07-21
2023-07-21 20:09:00,0.0,20,2023-07-21
2023-07-21 21:09:00,0.0,21,2023-07-21
2023-07-21 22:09:00,0.0,22,2023-07-21
2023-07-21 23:09:00,0.0,23,2023-07-21
2023-07-22 00:09:00,0.0,0,2023-07-22
2023-07-22 01:09:00,0.0,1,2023-07-22
2023-07-22 02:09:00,0.0,2,2023-07-22
2023-07-22 03:09:00,0.0,3,2023-07-22
2023-07-22 04:09:00,0.0,4,2023-07-22
2023-07-22 05:09:00,0.0,5,2023-07-22
2023-07-22 06:09:00,411.16813107767246,6,2023-07-22
2023-07-22 07:09:00,581.8495350720261,7,2023-07-22
2023-07-22 08:09:00,794.4126585886277,8,2023-07-22
2023-07-22 09:09:00,511.3982703793596,9,2023-07-22
2023-07-22 10:09:00,602.2180612429731,10,2023-07-22
2023-07-22 11:09:00,37.91670390573624,11,2023-07-22
2023-07-22 12:09:00,798.3757775093383,12,2023-07-22
2023-07-22 13:09:00,763.7128778370783,13,2023-07-22
2023-07-22 14:09:00,804.7461129252296,14,2023-07-22
2023-07-22 15:09:00,710.5977313712463,15,2023-07-22
2023-07-22 16:09:00,459.45803330960496,16,2023-07-22
2023-07-22 17:09:00,62.762088541635094,17,2023-07-22
2023-07-22 18:09:00,293.6685574530631,18,2023-07-22
2023-07-22 19:09:00,0.0,19,2023-07-22
2023-07-22 20:09:00,0.0,20,2023-07-22
2023-07-22 21:09:00,0.0,21,2023-07-22
2023-07-22 22:09:00,0.0,22,2023-07-22
2023-07-22 23:09:00,0.0,23,2023-07-22
2023-07-23 00:09:00,0.0,0,2023-07-23
2023-07-23 01:09:00,0.0,1,2023-07-23
2023-07-23 02:09:00,0.0,2,2023-07-23
2023-07-23 03:09:00,0.0,3,2023-07-23
2023-07-23 04:09:00,0.0,4,2023-07-23
2023-07-23 05:09:00,0.0,5,2023-07-23
2023-07-23 06:09:00,88.71762597058404,6,2023-07-23
2023-07-23 07:09:00,467.35865209364545,7,2023-07-23
2023-07-23 08:09:00,559.9772266543588,8,2023-07-23
2023-07-23 09:09:00,668.8261372138629,9,2023-07-23
2023-07-23 10:09:00,749.4101636952198,10,2023-07-23
2023-07-23 11:09:00,0.0,11,2023-07-23
2023-07-23 12:09:00,681.9203570818853,12,2023-07-23
2023-07-23 13:09:00,2.1356371044115634,13,2023-07-23
2023-07-23 14:09:00,728.6599542934592,14,2023-07-23
2023-07-23 15:09:00,751.3548215673511,15,2023-07-23
2023-07-23 16:09:00,665.1816393331408,16,2023-07-23
2023-07-23 17:09:00,499.2770005041887,17,2023-07-23
2023-07-23 18:09:00,367.8662535354114,18,2023-07-23
2023-07-23 19:09:00,0.0,19,2023-07-23
2023-07-23 20:09:00,0.0,20,2023-07-23
2023-07-23 21:09:00,0.0,21,2023-07-23
2023-07-23 22:09:00,0.0,22,2023-07-23
2023-07-23 23:09:00,0.0,23,2023-07-23
2023-07-24 00:09:00,0.0,0,2023-07-24
2023-07-24 01:09:00,0.0,1,2023-07-24
2023-07-24 02:09:00,0.0,2,2023-07-24
2023-07-24 03:09:00,0.0,3,2023-07-24
2023-07-24 04:09:00,0.0,4,2023-07-24
2023-07-24 05:09:00,0.0,5,2023-07-24
2023-07-24 06:09:00,33.68604677958757,6,2023-07-24
2023-07-24 07:09:00,0.0,7,2023-07-24
2023-07-24 08:09:00,0.0,8,2023-07-24
2023-07-24 09:09:00,607.1297814057403,9,2023-07-24
2023-07-24 10:09:00,767.2737775444981,10,2023-07-24
2023-07-24 11:09:00,690.6696223372866,11,2023-07-24
2023-07-24 12:09:00,698.3973055263067,12,2023-07-24
2023-07-24 13:09:00,395.53408627960266,13,2023-07-24
2023-07-24 14:09:00,161.3661862780202,14,2023-07-24
2023-07-24 15:09:00,755.2574062088224,15,2023-07-24
2023-07-24 16:09:00,694.8349617315874,16,2023-07-24
2023-07-24 17:09:00,599.4722962271862,17,2023-07-24
2023-07-24 18:09:00,421.93523970033397,18,2023-07-24
2023-07-24 19:09:00,0.0,19,2023-07-24
2023-07-24 20:09:00,0.0,20,2023-07-24
2023-07-24 21:09:00,0.0,21,2023-07-24
2023-07-24 22:09:00,0.0,22,2023-07-24
2023-07-24 23:09:00,0.0,23,2023-07-24
2023-07-25 00:09:00,0.0,0,2023-07-25
2023-07-25 01:09:00,0.0,1,2023-07-25
2023-07-25 02:09:00,0.0,2,2023-07-25
2023-07-25 03:09:00,0.0,3,2023-07-25
2023-07-25 04:09:00,0.0,4,2023-07-25
2023-07-25 05:09:00,0.0,5,2023-07-25
2023-07-25 06:09:00,415.0505595488119,6,2023-07-25
2023-07-25 07:09:00,617.9878658997941,7,2023-07-25
2023-07-25 08:09:00,705.9958859494524,8,2023-07-25
2023-07-25 09:09:00,761.3034112266238,9,2023-07-25
2023-07-25 10:09:00,804.2002030384456,10,2023-07-25
2023-07-25 11:09:00,781.7898507335531,11,2023-07-25
2023-07-25 12:09:00,790.5493889134984,12,2023-07-25
2023-07-25 13:09:00,801.6448661331946,13,2023-07-25
2023-07-25 14:09:00,829.8953863125244,14,2023-07-25
2023-07-25 15:09:00,807.0790612631496,15,2023-07-25
2023-07-25 16:09:00,746.3558656279912,16,2023-07-25
2023-07-25 17:09:00,660.7015942166796,17,2023-07-25
2023-07-25 18:09:00,451.4251060299746,18,2023-07-25
2023-07-25 19:09:00,0.0,19,2023-07-25
2023-07-25 20:09:00,0.0,20,2023-07-25
2023-07-25 21:09:00,0.0,21,2023-07-25
2023-07-25 22:09:00,0.0,22,2023-07-25
2023-07-25 23:09:00,0.0,23,2023-07-25
2023-07-26 00:09:00,0.0,0,2023-07-26
2023-07-26 01:09:00,0.0,1,2023-07-26
2023-07-26 02:09:00,0.0,2,2023-07-26
2023-07-26 03:09:00,0.0,3,2023-07-26
2023-07-26 04:09:00,0.0,4,2023-07-26
2023-07-26 05:09:00,0.0,5,2023-07-26
2023-07-26 06:09:00,397.3551633369108,6,2023-07-26
2023-07-26 07:09:00,613.1119158903613,7,2023-07-26
2023-07-26 08:09:00,702.7934914539742,8,2023-07-26
2023-07-26 09:09:00,757.2554928640916,9,2023-07-26
2023-07-26 10:09:00,800.7033632091667,10,2023-07-26
2023-07-26 11:09:00,793.7316917008799,11,2023-07-26
2023-07-26 12:09:00,787.3222637531732,12,2023-07-26
2023-07-26 13:09:00,814.4527636516194,13,2023-07-26
2023-07-26 14:09:00,841.4711953204793,14,2023-07-26
2023-07-26 15:09:00,828.507164310377,15,2023-07-26
2023-07-26 16:09:00,741.7789062463519,16,2023-07-26
2023-07-26 17:09:00,644.7666387954291,17,2023-07-26
2023-07-26 18:09:00,451.0770879282317,18,2023-07-26
2023-07-26 19:09:00,0.0,19,2023-07-26
2023-07-26 20:09:00,0.0,20,2023-07-26
2023-07-26 21:09:00,0.0,21,2023-07-26
2023-07-26 22:09:00,0.0,22,2023-07-26
2023-07-26 23:09:00,0.0,23,2023-07-26
2023-07-27 00:09:00,0.0,0,2023-07-27
2023-07-27 01:09:00,0.0,1,2023-07-27
2023-07-27 02:09:00,0.0,2,2023-07-27
2023-07-27 03:09:00,0.0,3,2023-07-27
2023-07-27 04:09:00,0.0,4,2023-07-27
2023-07-27 05:09:00,0.0,5,2023-07-27
2023-07-27 06:09:00,367.5327952918655,6,2023-07-27
2023-07-27 07:09:00,556.36827499642,7,2023-07-27
2023-07-27 08:09:00,685.037266510082,8,2023-07-27
2023-07-27 09:09:00,757.4176544739864,9,2023-07-27
2023-07-27 10:09:00,803.1850969501196,10,2023-07-27
2023-07-27 11:09:00,814.4359407705414,11,2023-07-27
2023-07-27 12:09:00,792.5185745764221,12,2023-07-27
2023-07-27 13:09:00,802.622818816211,13,2023-07-27
2023-07-27 14:09:00,591.5478084905646,14,2023-07-27
2023-07-27 15:09:00,335.795286265818,15,2023-07-27
2023-07-27 16:09:00,585.4073767532432,16,2023-07-27
2023-07-27 17:09:00,588.359939948273,17,2023-07-27
2023-07-27 18:09:00,437.92257043531896,18,2023-07-27
2023-07-27 19:09:00,0.0,19,2023-07-27
2023-07-27 20:09:00,0.0,20,2023-07-27
2023-07-27 21:09:00,0.0,21,2023-07-27
2023-07-27 22:09:00,0.0,22,2023-07-27
2023-07-27 23:09:00,0.0,23,2023-07-27
2023-07-28 00:09:00,0.0,0,2023-07-28
2023-07-28 01:09:00,0.0,1,2023-07-28
2023-07-28 02:09:00,0.0,2,2023-07-28
2023-07-28 03:09:00,0.0,3,2023-07-28
2023-07-28 04:09:00,0.0,4,2023-07-28
2023-07-28 05:09:00,0.0,5,2023-07-28
2023-07-28 06:09:00,390.12282471813944,6,2023-07-28
2023-07-28 07:09:00,617.196303112934,7,2023-07-28
2023-07-28 08:09:00,694.5139223591777,8,2023-07-28
2023-07-28 09:09:00,764.7705115782446,9,2023-07-28
2023-07-28 10:09:00,793.7819862298462,10,2023-07-28
2023-07-28 11:09:00,818.8282613636808,11,2023-07-28
2023-07-28 12:09:00,828.3484779405308,12,2023-07-28
2023-07-28 13:09:00,823.0601181504136,13,2023-07-28
2023-07-28 14:09:00,834.7693789731555,14,2023-07-28
2023-07-28 15:09:00,810.4617978757728,15,2023-07-28
2023-07-28 16:09:00,734.2303751259553,16,2023-07-28
2023-07-28 17:09:00,645.8370120135644,17,2023-07-28
2023-07-28 18:09:00,473.51148275149706,18,2023-07-28
2023-07-28 19:09:00,0.0,19,2023-07-28
2023-07-28 20:09:00,0.0,20,2023-07-28
2023-07-28 21:09:00,0.0,21,2023-07-28
2023-07-28 22:09:00,0.0,22,2023-07-28
2023-07-28 23:09:00,0.0,23,2023-07-28
2023-07-29 00:09:00,0.0,0,2023-07-29
2023-07-29 01:09:00,0.0,1,2023-07-29
2023-07-29 02:09:00,0.0,2,2023-07-29
2023-07-29 03:09:00,0.0,3,2023-07-29
2023-07-29 04:09:00,0.0,4,2023-07-29
2023-07-29 05:09:00,0.0,5,2023-07-29
2023-07-29 06:09:00,335.79433258757564,6,2023-07-29
2023-07-29 07:09:00,568.1180446398379,7,2023-07-29
2023-07-29 08:09:00,680.2810652157774,8,2023-07-29
2023-07-29 09:09:00,750.9474016201134,9,2023-07-29
2023-07-29 10:09:00,793.8687187345573,10,2023-07-29
2023-07-29 11:09:00,818.9308294556994,11,2023-07-29
2023-07-29 12:09:00,828.4074980052087,12,2023-07-29
2023-07-29 13:09:00,824.253237793327,13,2023-07-29
2023-07-29 14:09:00,835.0673054278694,14,2023-07-29
2023-07-29 15:09:00,797.5010914898139,15,2023-07-29
2023-07-29 16:09:00,706.2754105883729,16,2023-07-29
2023-07-29 17:09:00,634.8958053065287,17,2023-07-29
2023-07-29 18:09:00,429.03020521671453,18,2023-07-29
2023-07-29 19:09:00,0.0,19,2023-07-29
2023-07-29 20:09:00,0.0,20,2023-07-29
2023-07-29 21:09:00,0.0,21,2023-07-29
2023-07-29 22:09:00,0.0,22,2023-07-29
2023-07-29 23:09:00,0.0,23,2023-07-29
2023-07-30 00:09:00,0.0,0,2023-07-30
2023-07-30 01:09:00,0.0,1,2023-07-30
2023-07-30 02:09:00,0.0,2,2023-07-30
2023-07-30 03:09:00,0.0,3,2023-07-30
2023-07-30 04:09:00,0.0,4,2023-07-30
2023-07-30 05:09:00,0.0,5,2023-07-30
2023-07-30 06:09:00,346.4389247281524,6,2023-07-30
2023-07-30 07:09:00,582.5481036715747,7,2023-07-30
2023-07-30 08:09:00,682.4710233676632,8,2023-07-30
2023-07-30 09:09:00,752.5251358986269,9,2023-07-30
2023-07-30 10:09:00,812.0998278993135,10,2023-07-30
2023-07-30 11:09:00,821.2326713099322,11,2023-07-30
2023-07-30 12:09:00,814.742493611112,12,2023-07-30
2023-07-30 13:09:00,795.287420149532,13,2023-07-30
2023-07-30 14:09:00,822.4900812073837,14,2023-07-30
2023-07-30 15:09:00,799.23979102014,15,2023-07-30
2023-07-30 16:09:00,722.0750563942479,16,2023-07-30
2023-07-30 17:09:00,611.564225370377,17,2023-07-30
2023-07-30 18:09:00,438.5011360862682,18,2023-07-30
2023-07-30 19:09:00,0.0,19,2023-07-30
2023-07-30 20:09:00,0.0,20,2023-07-30
2023-07-30 21:09:00,0.0,21,2023-07-30
2023-07-30 22:09:00,0.0,22,2023-07-30
2023-07-30 23:09:00,0.0,23,2023-07-30
2023-07-31 00:09:00,0.0,0,2023-07-31
2023-07-31 01:09:00,0.0,1,2023-07-31
2023-07-31 02:09:00,0.0,2,2023-07-31
2023-07-31 03:09:00,0.0,3,2023-07-31
2023-07-31 04:09:00,0.0,4,2023-07-31
2023-07-31 05:09:00,0.0,5,2023-07-31
2023-07-31 06:09:00,407.1045533531313,6,2023-07-31
2023-07-31 07:09:00,608.3133278983232,7,2023-07-31
2023-07-31 08:09:00,688.5449049268894,8,2023-07-31
2023-07-31 09:09:00,758.5068627828086,9,2023-07-31
2023-07-31 10:09:00,802.6802900890123,10,2023-07-31
2023-07-31 11:09:00,796.1352516041136,11,2023-07-31
2023-07-31 12:09:00,805.3345426499999,12,2023-07-31
2023-07-31 13:09:00,800.8387169879455,13,2023-07-31
2023-07-31 14:09:00,812.3777342098335,14,2023-07-31
2023-07-31 15:09:00,805.1489012434432,15,2023-07-31
2023-07-31 16:09:00,743.0501621578672,16,2023-07-31
2023-07-31 17:09:00,653.5877625777999,17,2023-07-31
2023-07-31 18:09:00,461.91657816321464,18,2023-07-31
2023-07-31 19:09:00,0.0,19,2023-07-31
2023-07-31 20:09:00,0.0,20,2023-07-31
2023-07-31 21:09:00,0.0,21,2023-07-31
2023-07-31 22:09:00,0.0,22,2023-07-31
2023-07-31 23:09:00,0.0,23,2023-07-31
